{
   "angular_thrust" : 150000000.0,
   "capacity" : 30,
   "cockpit" : "",
   "down_thrust" : 20000000.0,
   "effective_exhaust_velocity" : 91784000.0,
   "forward_thrust" : 150000000.0,
   "fuel_tank_mass" : 250,
   "hull_mass" : 1150,
   "hyperdrive_class" : 1,
   "left_thrust" : 20000000.0,
   "manufacturer" : "albr",
   "max_crew" : 5,
   "min_crew" : 3,
   "model" : "cygnet",
   "name" : "Cygnet",
   "price" : 450000.0,
   "reverse_thrust" : 50000000.0,
   "right_thrust" : 20000000.0,
   "ship_class" : "light_courier",
   "slots" : {
      "atmo_shield" : 1,
      "cargo" : 30,
      "scoop" : 0,
      "laser_front" : 1,
      "missile" : 16
   },
   "thruster_fuel_use" : -1.0,
   "up_thrust" : 60000000.0
}
